﻿<?xml version="1.0" encoding="UTF-8"?>
<students xmlns:xsi="http://www.w3.org/2001/XMLSchema-instance" xsi:noNamespaceSchemaLocation="/home/osboxes/Desktop/Karad/SBStudentsSchema.xsd">

  <student>
     <rollno>1</rollno>  
    <name>aditya</name>
    <address>pune</address>
  </student>

  <student>
     <rollno>2</rollno>  
    <name>geetanjali</name>
    <address>vita</address>
  </student>
  
  <student>
     <rollno>3</rollno>  
    <name>nutan</name>
    <address>sangli</address>
  </student>
  

</students>
